Workbook

Sheet Instructions निर्देश
B1: ⚙ FREE INDUSTRIAL TOOLKIT — EPR COMPLIANCE TOOLS
B2: VKS TECH
B3: 🌐 https://vksTech.com
B4: Vivek Kumar (Privacy Papa) · M.Tech NIT Uttarakhand · 9+ Yrs Flexible Packaging | Doc Ref: VKS/EPR/MST/01
A6: 📖 EPR COMPLIANCE MASTER TRACKER — HOW TO USE
A7: EPR अनुपालन मास्टर ट्रैकर — इस्तेमाल कैसे करें
A9: What this is / यह क्या है
A10: A 5-tab compliance workbook for the Plastic Waste Management (Amendment) Rules, 2026 — notified 31 March 2026 (G.S.R. 237(E)). Built for FP plants and brand owners covered under EPR. / यह 5-tab compliance workbook Plastic Waste Management (Amendment) Rules 2026 के लिए है — 31 मार्च 2026 को notified।
A12: Tab 1 — SKU Classifier / SKU वर्गीकरण
A13: List every SKU you produce. Pick the plastic Category (I rigid / II flexible / III multi-layered / IV compostable) from the dropdown. The recycled content target auto-fills based on FY 2025-26 numbers. Update yearly. / हर SKU list करें। Category dropdown से चुनें। Recycled content target अपने आप fill होगा।
A15: Tab 2 — Monthly Tonnage Tracker / मासिक टनेज ट्रैकर
A16: Enter monthly production tonnage by category. The sheet auto-calculates your EPR obligation in tonnes and the gap if your actual recycled content falls short. / हर महीने category-wise production डालें। EPR obligation और gap auto-calculate होगा।
A18: Tab 3 — Recycling Credit Log / रीसाइक्लिंग क्रेडिट लॉग
A19: Track every EPR certificate purchased from CPCB-approved recyclers — vendor, certificate number, tonnage covered, cost. This is your audit trail. / हर EPR certificate track करें — vendor, certificate number, tonnage, cost।
A21: Tab 4 — Filing Checklist / फाइलिंग चेकलिस्ट
A22: Pre-built checklist of CPCB filing requirements: registration, half-yearly return (October 31), annual return (June 30), barcode/QR labelling, recycled content declaration. / CPCB filing checklist — registration, returns, QR labelling, recycled content।
... A37: 🌐 Visit https://vksTech.com for more free formats, calculators, and training tools | © VKS TECH — Vivek Kumar | Share freely, do not resell

Sheet 1. SKU Classifier
C1: ⚙ FREE INDUSTRIAL TOOLKIT — EPR COMPLIANCE TOOLS FROM THE PLANT FLOOR
C2: VKS TECH | https://vksTech.com | Vivek Kumar (Privacy Papa) — M.Tech NIT Uttarakhand | 9+ Years Flexible Packaging
C3: 📚 EPR Compliance · Plastic Waste Management · CPCB Filing Tools | Doc Ref: VKS/EPR/MST/01-T1
A5: 🏷️ TAB 1 — SKU CLASSIFIER (Map every product to its EPR Category)
A6: टैब 1 — SKU वर्गीकरण | हर product को EPR Category से map करें
A8: SKU Code SKU कोड | B8: Product Name प्रोडक्ट नाम | C8: Substrate सब्सट्रेट | D8: Thickness (µ) | E8: Resin Code रेज़िन कोड | F8: EPR Category EPR श्रेणी | G8: PCR Target 2025-26 (%) | H8: PCR Target 2026-27 (%) | I8: PCR Target 2027-28 (%) | J8: Notes टिप्पणी
A9: [SKU-001] | B9: [e.g. PET 12µ Metallised Roll] | C9: PET (metallised) | D9: 12 | E9: OTHER | F9: Cat II — Flexible | G9: =IF(LEFT(F9,5)="Cat I",30%,IF(LEFT(F9,6)="Cat II",IF(LEFT(F9,7)="Cat III",5%,10%),IF(LEFT(F9,6)="Cat IV",100%,""))) -> 0.3 | H9: =IF(LEFT(F9,5)="Cat I",40%,IF(LEFT(F9,6)="Cat II",IF(LEFT(F9,7)="Cat III",5%,10%),IF(LEFT(F9,6)="Cat IV",100%,""))) -> 0.4 | I9: =IF(LEFT(F9,5)="Cat I",50%,IF(LEFT(F9,6)="Cat II",IF(LEFT(F9,7)="Cat III",10%,20%),IF(LEFT(F9,6)="Cat IV",100%,""))) -> 0.5 | J9: [fill in]
A10: [SKU-002] | B10: [e.g. BOPP 18µ Plain] | C10: BOPP | D10: 18 | E10: PP | F10: Cat II — Flexible | G10: =IF(LEFT(F10,5)="Cat I",30%,IF(LEFT(F10,6)="Cat II",IF(LEFT(F10,7)="Cat III",5%,10%),IF(LEFT(F10,6)="Cat IV",100%,""))) -> 0.3 | H10: =IF(LEFT(F10,5)="Cat I",40%,IF(LEFT(F10,6)="Cat II",IF(LEFT(F10,7)="Cat III",5%,10%),IF(LEFT(F10,6)="Cat IV",100%,""))) -> 0.4 | I10: =IF(LEFT(F10,5)="Cat I",50%,IF(LEFT(F10,6)="Cat II",IF(LEFT(F10,7)="Cat III",10%,20%),IF(LEFT(F10,6)="Cat IV",100%,""))) -> 0.5 | J10: [fill in]
A11: [SKU-003] | B11: [e.g. CPP 22µ for lamination] | C11: CPP | D11: 22 | E11: PP | F11: Cat II — Flexible | G11: =IF(LEFT(F11,5)="Cat I",30%,IF(LEFT(F11,6)="Cat II",IF(LEFT(F11,7)="Cat III",5%,10%),IF(LEFT(F11,6)="Cat IV",100%,""))) -> 0.3 | H11: =IF(LEFT(F11,5)="Cat I",40%,IF(LEFT(F11,6)="Cat II",IF(LEFT(F11,7)="Cat III",5%,10%),IF(LEFT(F11,6)="Cat IV",100%,""))) -> 0.4 | I11: =IF(LEFT(F11,5)="Cat I",50%,IF(LEFT(F11,6)="Cat II",IF(LEFT(F11,7)="Cat III",10%,20%),IF(LEFT(F11,6)="Cat IV",100%,""))) -> 0.5 | J11: [fill in]
A12: [SKU-004] | B12: [e.g. PET-Met-PE laminate pouch] | C12: PET/PE Multi-layer | D12: 75 | E12: OTHER | F12: Cat III — Multi-layered | G12: =IF(LEFT(F12,5)="Cat I",30%,IF(LEFT(F12,6)="Cat II",IF(LEFT(F12,7)="Cat III",5%,10%),IF(LEFT(F12,6)="Cat IV",100%,""))) -> 0.3 | H12: =IF(LEFT(F12,5)="Cat I",40%,IF(LEFT(F12,6)="Cat II",IF(LEFT(F12,7)="Cat III",5%,10%),IF(LEFT(F12,6)="Cat IV",100%,""))) -> 0.4 | I12: =IF(LEFT(F12,5)="Cat I",50%,IF(LEFT(F12,6)="Cat II",IF(LEFT(F12,7)="Cat III",10%,20%),IF(LEFT(F12,6)="Cat IV",100%,""))) -> 0.5 | J12: [3-layer laminate]
A13: [SKU-005] | B13: [e.g. PET 250mL bottle] | C13: PET (rigid) | D13: 250 | E13: PET | F13: Cat I — Rigid | G13: =IF(LEFT(F13,5)="Cat I",30%,IF(LEFT(F13,6)="Cat II",IF(LEFT(F13,7)="Cat III",5%,10%),IF(LEFT(F13,6)="Cat IV",100%,""))) -> 0.3 | H13: =IF(LEFT(F13,5)="Cat I",40%,IF(LEFT(F13,6)="Cat II",IF(LEFT(F13,7)="Cat III",5%,10%),IF(LEFT(F13,6)="Cat IV",100%,""))) -> 0.4 | I13: =IF(LEFT(F13,5)="Cat I",50%,IF(LEFT(F13,6)="Cat II",IF(LEFT(F13,7)="Cat III",10%,20%),IF(LEFT(F13,6)="Cat IV",100%,""))) -> 0.5 | J13: [bottle]
G14: =IF(LEFT(F14,5)="Cat I",30%,IF(LEFT(F14,6)="Cat II",IF(LEFT(F14,7)="Cat III",5%,10%),IF(LEFT(F14,6)="Cat IV",100%,""))) | H14: =IF(LEFT(F14,5)="Cat I",40%,IF(LEFT(F14,6)="Cat II",IF(LEFT(F14,7)="Cat III",5%,10%),IF(LEFT(F14,6)="Cat IV",100%,""))) | I14: =IF(LEFT(F14,5)="Cat I",50%,IF(LEFT(F14,6)="Cat II",IF(LEFT(F14,7)="Cat III",10%,20%),IF(LEFT(F14,6)="Cat IV",100%,"")))
G15: =IF(LEFT(F15,5)="Cat I",30%,IF(LEFT(F15,6)="Cat II",IF(LEFT(F15,7)="Cat III",5%,10%),IF(LEFT(F15,6)="Cat IV",100%,""))) | H15: =IF(LEFT(F15,5)="Cat I",40%,IF(LEFT(F15,6)="Cat II",IF(LEFT(F15,7)="Cat III",5%,10%),IF(LEFT(F15,6)="Cat IV",100%,""))) | I15: =IF(LEFT(F15,5)="Cat I",50%,IF(LEFT(F15,6)="Cat II",IF(LEFT(F15,7)="Cat III",10%,20%),IF(LEFT(F15,6)="Cat IV",100%,"")))
G16: =IF(LEFT(F16,5)="Cat I",30%,IF(LEFT(F16,6)="Cat II",IF(LEFT(F16,7)="Cat III",5%,10%),IF(LEFT(F16,6)="Cat IV",100%,""))) | H16: =IF(LEFT(F16,5)="Cat I",40%,IF(LEFT(F16,6)="Cat II",IF(LEFT(F16,7)="Cat III",5%,10%),IF(LEFT(F16,6)="Cat IV",100%,""))) | I16: =IF(LEFT(F16,5)="Cat I",50%,IF(LEFT(F16,6)="Cat II",IF(LEFT(F16,7)="Cat III",10%,20%),IF(LEFT(F16,6)="Cat IV",100%,"")))
G17: =IF(LEFT(F17,5)="Cat I",30%,IF(LEFT(F17,6)="Cat II",IF(LEFT(F17,7)="Cat III",5%,10%),IF(LEFT(F17,6)="Cat IV",100%,""))) | H17: =IF(LEFT(F17,5)="Cat I",40%,IF(LEFT(F17,6)="Cat II",IF(LEFT(F17,7)="Cat III",5%,10%),IF(LEFT(F17,6)="Cat IV",100%,""))) | I17: =IF(LEFT(F17,5)="Cat I",50%,IF(LEFT(F17,6)="Cat II",IF(LEFT(F17,7)="Cat III",10%,20%),IF(LEFT(F17,6)="Cat IV",100%,"")))
G18: =IF(LEFT(F18,5)="Cat I",30%,IF(LEFT(F18,6)="Cat II",IF(LEFT(F18,7)="Cat III",5%,10%),IF(LEFT(F18,6)="Cat IV",100%,""))) | H18: =IF(LEFT(F18,5)="Cat I",40%,IF(LEFT(F18,6)="Cat II",IF(LEFT(F18,7)="Cat III",5%,10%),IF(LEFT(F18,6)="Cat IV",100%,""))) | I18: =IF(LEFT(F18,5)="Cat I",50%,IF(LEFT(F18,6)="Cat II",IF(LEFT(F18,7)="Cat III",10%,20%),IF(LEFT(F18,6)="Cat IV",100%,"")))
G19: =IF(LEFT(F19,5)="Cat I",30%,IF(LEFT(F19,6)="Cat II",IF(LEFT(F19,7)="Cat III",5%,10%),IF(LEFT(F19,6)="Cat IV",100%,""))) | H19: =IF(LEFT(F19,5)="Cat I",40%,IF(LEFT(F19,6)="Cat II",IF(LEFT(F19,7)="Cat III",5%,10%),IF(LEFT(F19,6)="Cat IV",100%,""))) | I19: =IF(LEFT(F19,5)="Cat I",50%,IF(LEFT(F19,6)="Cat II",IF(LEFT(F19,7)="Cat III",10%,20%),IF(LEFT(F19,6)="Cat IV",100%,"")))
G20: =IF(LEFT(F20,5)="Cat I",30%,IF(LEFT(F20,6)="Cat II",IF(LEFT(F20,7)="Cat III",5%,10%),IF(LEFT(F20,6)="Cat IV",100%,""))) | H20: =IF(LEFT(F20,5)="Cat I",40%,IF(LEFT(F20,6)="Cat II",IF(LEFT(F20,7)="Cat III",5%,10%),IF(LEFT(F20,6)="Cat IV",100%,""))) | I20: =IF(LEFT(F20,5)="Cat I",50%,IF(LEFT(F20,6)="Cat II",IF(LEFT(F20,7)="Cat III",10%,20%),IF(LEFT(F20,6)="Cat IV",100%,"")))
G21: =IF(LEFT(F21,5)="Cat I",30%,IF(LEFT(F21,6)="Cat II",IF(LEFT(F21,7)="Cat III",5%,10%),IF(LEFT(F21,6)="Cat IV",100%,""))) | H21: =IF(LEFT(F21,5)="Cat I",40%,IF(LEFT(F21,6)="Cat II",IF(LEFT(F21,7)="Cat III",5%,10%),IF(LEFT(F21,6)="Cat IV",100%,""))) | I21: =IF(LEFT(F21,5)="Cat I",50%,IF(LEFT(F21,6)="Cat II",IF(LEFT(F21,7)="Cat III",10%,20%),IF(LEFT(F21,6)="Cat IV",100%,"")))
G22: =IF(LEFT(F22,5)="Cat I",30%,IF(LEFT(F22,6)="Cat II",IF(LEFT(F22,7)="Cat III",5%,10%),IF(LEFT(F22,6)="Cat IV",100%,""))) | H22: =IF(LEFT(F22,5)="Cat I",40%,IF(LEFT(F22,6)="Cat II",IF(LEFT(F22,7)="Cat III",5%,10%),IF(LEFT(F22,6)="Cat IV",100%,""))) | I22: =IF(LEFT(F22,5)="Cat I",50%,IF(LEFT(F22,6)="Cat II",IF(LEFT(F22,7)="Cat III",10%,20%),IF(LEFT(F22,6)="Cat IV",100%,"")))
G23: =IF(LEFT(F23,5)="Cat I",30%,IF(LEFT(F23,6)="Cat II",IF(LEFT(F23,7)="Cat III",5%,10%),IF(LEFT(F23,6)="Cat IV",100%,""))) | H23: =IF(LEFT(F23,5)="Cat I",40%,IF(LEFT(F23,6)="Cat II",IF(LEFT(F23,7)="Cat III",5%,10%),IF(LEFT(F23,6)="Cat IV",100%,""))) | I23: =IF(LEFT(F23,5)="Cat I",50%,IF(LEFT(F23,6)="Cat II",IF(LEFT(F23,7)="Cat III",10%,20%),IF(LEFT(F23,6)="Cat IV",100%,"")))
A26: 📋 EPR CATEGORY QUICK REFERENCE — Plastic Waste Management (Amendment) Rules, 2026
A27: Category / श्रेणी | B27: Examples / उदाहरण | C27: 2025-26 | D27: 2026-27 | E27: 2027-28 | F27: Steady-state target
A28: Cat I — Rigid plastic packaging | B28: Bottles, jars, rigid containers (PET, HDPE, PP, PVC) | C28: 30% | D28: 40% | E28: 50% | F28: 60% by 2028-29
A29: Cat II — Flexible plastic packaging | B29: Films, pouches, sachets, carry bags (PET-met, BOPP, CPP, LDPE, etc.) | C29: 10% | D29: 10% | E29: 20% | F29: 20% from 2027-28
A30: Cat III — Multi-layered plastic | B30: Laminates with non-plastic layers (foil, paper) | C30: 5% | D30: 5% | E30: 10% | F30: 10% from 2027-28
A31: Cat IV — Compostable plastic | B31: Certified compostable (IS 17088) | C31: 100% | D31: 100% | E31: 100% | F31: 100% since 2023-24
A35: ⚙ Built by a plant engineer for plant engineers — bilingual, free, and made for the floor.
A36: 🌐 Visit https://vksTech.com for more free formats, calculators, and training tools | © VKS TECH — Vivek Kumar | Share freely, do not resell

Sheet 2. Monthly Tonnage
C1: ⚙ FREE INDUSTRIAL TOOLKIT — EPR COMPLIANCE TOOLS FROM THE PLANT FLOOR
C2: VKS TECH | https://vksTech.com | Vivek Kumar (Privacy Papa) — M.Tech NIT Uttarakhand | 9+ Years Flexible Packaging
C3: 📚 EPR Compliance · Plastic Waste Management · CPCB Filing Tools | Doc Ref: VKS/EPR/MST/01-T2
A5: ⚖ TAB 2 — MONTHLY TONNAGE TRACKER (FY 2025-26 onwards)
A6: टैब 2 — मासिक टनेज ट्रैकर | category-wise production वज़न और EPR obligation
A7: PIBO Name: | B7: [Fill in] | E7: CPCB Reg ID: | F7: [Fill in] | I7: FY: | J7: 2025-26
A9: Month महीना | B9: Cat I Rigid (tonnes) | C9: Cat II Flexible (tonnes) | D9: Cat III Multi-layer (tonnes) | E9: Cat IV Compostable (tonnes) | F9: Total Plastic (tonnes) | G9: Cat I PCR obligation (t) | H9: Cat II PCR obligation (t) | I9: Cat III PCR obligation (t) | J9: Total Recycled (t needed)
A10: Apr | F10: =IF(SUM(B10:E10)=0,"",SUM(B10:E10)) | G10: =IF(B10="","",B10*0.3) | H10: =IF(C10="","",C10*0.1) | I10: =IF(D10="","",D10*0.05) | J10: =IF(SUM(G10:I10)=0,"",SUM(G10:I10))
A11: May | F11: =IF(SUM(B11:E11)=0,"",SUM(B11:E11)) | G11: =IF(B11="","",B11*0.3) | H11: =IF(C11="","",C11*0.1) | I11: =IF(D11="","",D11*0.05) | J11: =IF(SUM(G11:I11)=0,"",SUM(G11:I11))
A12: Jun | F12: =IF(SUM(B12:E12)=0,"",SUM(B12:E12)) | G12: =IF(B12="","",B12*0.3) | H12: =IF(C12="","",C12*0.1) | I12: =IF(D12="","",D12*0.05) | J12: =IF(SUM(G12:I12)=0,"",SUM(G12:I12))
A13: Jul | F13: =IF(SUM(B13:E13)=0,"",SUM(B13:E13)) | G13: =IF(B13="","",B13*0.3) | H13: =IF(C13="","",C13*0.1) | I13: =IF(D13="","",D13*0.05) | J13: =IF(SUM(G13:I13)=0,"",SUM(G13:I13))
A14: Aug | F14: =IF(SUM(B14:E14)=0,"",SUM(B14:E14)) | G14: =IF(B14="","",B14*0.3) | H14: =IF(C14="","",C14*0.1) | I14: =IF(D14="","",D14*0.05) | J14: =IF(SUM(G14:I14)=0,"",SUM(G14:I14))
A15: Sep | F15: =IF(SUM(B15:E15)=0,"",SUM(B15:E15)) | G15: =IF(B15="","",B15*0.3) | H15: =IF(C15="","",C15*0.1) | I15: =IF(D15="","",D15*0.05) | J15: =IF(SUM(G15:I15)=0,"",SUM(G15:I15))
A16: Oct | F16: =IF(SUM(B16:E16)=0,"",SUM(B16:E16)) | G16: =IF(B16="","",B16*0.3) | H16: =IF(C16="","",C16*0.1) | I16: =IF(D16="","",D16*0.05) | J16: =IF(SUM(G16:I16)=0,"",SUM(G16:I16))
A17: Nov | F17: =IF(SUM(B17:E17)=0,"",SUM(B17:E17)) | G17: =IF(B17="","",B17*0.3) | H17: =IF(C17="","",C17*0.1) | I17: =IF(D17="","",D17*0.05) | J17: =IF(SUM(G17:I17)=0,"",SUM(G17:I17))
A18: Dec | F18: =IF(SUM(B18:E18)=0,"",SUM(B18:E18)) | G18: =IF(B18="","",B18*0.3) | H18: =IF(C18="","",C18*0.1) | I18: =IF(D18="","",D18*0.05) | J18: =IF(SUM(G18:I18)=0,"",SUM(G18:I18))
A19: Jan | F19: =IF(SUM(B19:E19)=0,"",SUM(B19:E19)) | G19: =IF(B19="","",B19*0.3) | H19: =IF(C19="","",C19*0.1) | I19: =IF(D19="","",D19*0.05) | J19: =IF(SUM(G19:I19)=0,"",SUM(G19:I19))
A20: Feb | F20: =IF(SUM(B20:E20)=0,"",SUM(B20:E20)) | G20: =IF(B20="","",B20*0.3) | H20: =IF(C20="","",C20*0.1) | I20: =IF(D20="","",D20*0.05) | J20: =IF(SUM(G20:I20)=0,"",SUM(G20:I20))
A21: Mar | F21: =IF(SUM(B21:E21)=0,"",SUM(B21:E21)) | G21: =IF(B21="","",B21*0.3) | H21: =IF(C21="","",C21*0.1) | I21: =IF(D21="","",D21*0.05) | J21: =IF(SUM(G21:I21)=0,"",SUM(G21:I21))
A22: YEAR TOTAL वार्षिक कुल | B22: =IF(SUM(B10:B21)=0,"",SUM(B10:B21)) | C22: =IF(SUM(C10:C21)=0,"",SUM(C10:C21)) | D22: =IF(SUM(D10:D21)=0,"",SUM(D10:D21)) | E22: =IF(SUM(E10:E21)=0,"",SUM(E10:E21)) | F22: =IF(SUM(F10:F21)=0,"",SUM(F10:F21)) | G22: =IF(SUM(G10:G21)=0,"",SUM(G10:G21)) | H22: =IF(SUM(H10:H21)=0,"",SUM(H10:H21)) | I22: =IF(SUM(I10:I21)=0,"",SUM(I10:I21)) | J22: =IF(SUM(J10:J21)=0,"",SUM(J10:J21))
A24: 📌 PCR target multipliers used (FY 2025-26): Cat I = 30% · Cat II = 10% · Cat III = 5%. Source: Plastic Waste Management (Amendment) Rules, 2026 — G.S.R. 237(E) dated 31 March 2026. For FY 2026-27 onwards, edit columns G/H/I formulas to update multipliers (Cat I → 40%, Cat II → 10%, Cat III → 5%; from 2027-28: Cat I → 50%, Cat II → 20%, Cat III → 10%).
A27: ⚙ Built by a plant engineer for plant engineers — bilingual, free, and made for the floor.
A28: 🌐 Visit https://vksTech.com for more free formats, calculators, and training tools | © VKS TECH — Vivek Kumar | Share freely, do not resell

Sheet 3. Credit Log
C1: ⚙ FREE INDUSTRIAL TOOLKIT — EPR COMPLIANCE TOOLS FROM THE PLANT FLOOR
C2: VKS TECH | https://vksTech.com | Vivek Kumar (Privacy Papa) — M.Tech NIT Uttarakhand | 9+ Years Flexible Packaging
C3: 📚 EPR Compliance · Plastic Waste Management · CPCB Filing Tools | Doc Ref: VKS/EPR/MST/01-T3
A5: 🧾 TAB 3 — RECYCLING CREDIT (EPR CERTIFICATE) PROCUREMENT LOG
A6: टैब 3 — रीसाइक्लिंग क्रेडिट लॉग | CPCB-approved recyclers से खरीदे गए EPR certificates
A8: Date दिनांक | B8: Vendor / Recycler वेंडर | C8: CPCB Reg No रजि नं | D8: Certificate No प्रमाणपत्र नं | E8: Category श्रेणी | F8: Tonnage (t) | G8: Rate (₹/t) दर | H8: Total ₹ कुल | I8: Status स्थिति
H9: =IF(OR(F9="",G9=""),"",F9*G9)
H10: =IF(OR(F10="",G10=""),"",F10*G10)
H11: =IF(OR(F11="",G11=""),"",F11*G11)
H12: =IF(OR(F12="",G12=""),"",F12*G12)
H13: =IF(OR(F13="",G13=""),"",F13*G13)
H14: =IF(OR(F14="",G14=""),"",F14*G14)
H15: =IF(OR(F15="",G15=""),"",F15*G15)
H16: =IF(OR(F16="",G16=""),"",F16*G16)
H17: =IF(OR(F17="",G17=""),"",F17*G17)
H18: =IF(OR(F18="",G18=""),"",F18*G18)
H19: =IF(OR(F19="",G19=""),"",F19*G19)
H20: =IF(OR(F20="",G20=""),"",F20*G20)
... H28: =IF(OR(F28="",G28=""),"",F28*G28)
A30: TOTAL CREDITS PROCURED / कुल खरीदे गए क्रेडिट | F30: =IF(SUM(F9:F28)=0,"",SUM(F9:F28)) | G30: =IF(SUM(F9:F28)=0,"",SUM(H9:H28)/SUM(F9:F28)) | H30: =IF(SUM(H9:H28)=0,"",SUM(H9:H28))
A32: 📌 EOL (End-of-Life) certificates — co-processing in cement/steel, waste-to-energy — are NO LONGER accepted to meet recycled content targets (effective 19 January 2026). Only certificates from CPCB-registered recyclers count. Verify each vendor on the CPCB EPR portal before payment. Current market rates (early 2026) range Cat I: ₹4-15/kg, Cat II: ₹6-20/kg, Cat III: ₹15-40/kg — supply-demand sensitive.
A35: ⚙ Built by a plant engineer for plant engineers — bilingual, free, and made for the floor.
A36: 🌐 Visit https://vksTech.com for more free formats, calculators, and training tools | © VKS TECH — Vivek Kumar | Share freely, do not resell

Sheet 4. Filing Checklist
B1: ⚙ FREE INDUSTRIAL TOOLKIT — EPR COMPLIANCE TOOLS
B2: VKS TECH
B3: 🌐 https://vksTech.com
B4: Vivek Kumar (Privacy Papa) · M.Tech NIT Uttarakhand · 9+ Yrs Flexible Packaging | Doc Ref: VKS/EPR/MST/01-T4
A6: ✅ TAB 4 — CPCB FILING CHECKLIST (Annual + Half-Yearly)
A7: टैब 4 — CPCB फाइलिंग चेकलिस्ट
A9: # | B9: Action / कार्रवाई | C9: Frequency / आवृत्ति | D9: Due Date / नियत तिथि | E9: Owner / स्वामी | F9: Status
A10: 1 | B10: Register on CPCB centralised EPR portal (cpcb.nic.in) as PIBO CPCB EPR portal पर PIBO के रूप में रजिस्टर करें | C10: One-time | D10: Before first sale | E10: [Assign]
A11: 2 | B11: Display QR code / barcode on every plastic packaging — must show resin code, thickness (µ), manufacturer ID हर plastic packaging पर QR/barcode जिसमें resin code, thickness, manufacturer ID हो | C11: Continuous | D11: In effect since 1 July 2025 | E11: [Assign]
A12: 3 | B12: Track monthly tonnage by Category (use Tab 2 of this workbook) Category-wise मासिक tonnage track करें | C12: Monthly | D12: End of every month | E12: [Assign]
A13: 4 | B13: Procure EPR certificates from CPCB-registered recyclers (use Tab 3) CPCB-registered recyclers से EPR certificates खरीदें | C13: Quarterly | D13: Q1, Q2, Q3, Q4 | E13: [Assign]
A14: 5 | B14: File half-yearly EPR return on CPCB portal CPCB portal पर अर्धवार्षिक EPR return file करें | C14: Half-yearly | D14: October 31 (Apr-Sep) & April 30 (Oct-Mar) | E14: [Assign]
A15: 6 | B15: File annual EPR return on CPCB portal CPCB portal पर वार्षिक EPR return file करें | C15: Annual | D15: June 30 (for previous FY) | E15: [Assign]
A16: 7 | B16: Declare recycled content % per category in annual return Annual return में category-wise recycled content % declare करें | C16: Annual | D16: June 30 (with annual return) | E16: [Assign]
A17: 8 | B17: Maintain audit trail — invoices, certificates, batch records — for SPCB/CPCB inspection SPCB/CPCB inspection के लिए invoices, certificates, batch records रखें | C17: Continuous | D17: Min 3 years retention | E17: [Assign]
A18: 9 | B18: If Cat I/II/III shortfall, plan carry-forward — at least 1/3 deficit cleared annually Shortfall पर carry-forward plan — हर साल कम-से-कम 1/3 deficit clear हो | C18: Annual | D18: After annual return | E18: [Assign]
A19: 10 | B19: Engage Registered Environment Auditor (per Environment Audit Rules, 2025) for verification Registered Environment Auditor से verification कराएँ | C19: Annual | D19: Before annual return | E19: [Assign]
A20: 11 | B20: Notify CPCB of any change in production volume, product portfolio, or registered details Production, portfolio, या registered details में बदलाव होने पर CPCB को notify करें | C20: As needed | D20: Within 30 days of change | E20: [Assign]
A21: 12 | B21: Renew CPCB EPR registration CPCB EPR registration renew करें | C21: Annual | D21: Before expiry | E21: [Assign]
A23: ⚠ Always verify the latest CPCB notifications and deadlines on https://cpcb.nic.in/rules-4/ — rules and deadlines change. This checklist reflects the Plastic Waste Management (Amendment) Rules, 2026 (G.S.R. 237(E)) as on May 2026.
A26: ⚙ Built by a plant engineer for plant engineers — bilingual, free, and made for the floor.
A27: 🌐 Visit https://vksTech.com for more free formats, calculators, and training tools | © VKS TECH — Vivek Kumar | Share freely, do not resell

Sheet 5. Dashboard
B1: ⚙ FREE INDUSTRIAL TOOLKIT — EPR COMPLIANCE TOOLS
B2: VKS TECH
B3: 🌐 https://vksTech.com
B4: Vivek Kumar (Privacy Papa) · M.Tech NIT Uttarakhand · 9+ Yrs Flexible Packaging | Doc Ref: VKS/EPR/MST/01-T5
A6: 📊 TAB 5 — COMPLIANCE DASHBOARD
A7: टैब 5 — अनुपालन डैशबोर्ड | Auto-rolled-up summary
A9: 🏷️ TOTAL PLASTIC PACKAGED THIS YEAR (Cat I+II+III, tonnes) | E9: =IFERROR(IF('2. Monthly Tonnage'!F22="","",'2. Monthly Tonnage'!F22),0)
A10: ⚖ TOTAL PCR OBLIGATION (tonnes needed) | E10: =IFERROR(IF('2. Monthly Tonnage'!J22="","",'2. Monthly Tonnage'!J22),0)
A11: 🧾 TOTAL CREDITS PROCURED (tonnes) | E11: =IFERROR(IF('3. Credit Log'!F30="","",'3. Credit Log'!F30),0)
A12: 🔻 GAP / SHORTFALL (tonnes) | E12: =IFERROR(IF(OR('2. Monthly Tonnage'!J22="",'3. Credit Log'!F30=""),"",MAX('2. Monthly Tonnage'!J22-'3. Credit Log'!F30,0)),0)
A13: 💰 TOTAL ₹ SPENT ON CREDITS | E13: =IFERROR(IF('3. Credit Log'!H30="","",'3. Credit Log'!H30),0)
A14: 📈 COMPLIANCE % (Procured ÷ Obligation) | E14: =IFERROR(IF(OR('2. Monthly Tonnage'!J22="",'3. Credit Log'!F30="",'2. Monthly Tonnage'!J22=0),"",MIN('3. Credit Log'!F30/'2. Monthly Tonnage'!J22,1)),0)
A16: 🚦 STATUS VERDICT — Where do you stand?
A17: =IF(OR('2. Monthly Tonnage'!J22="",'3. Credit Log'!F30=""),"⏳ ENTER DATA in Tab 2 (Monthly Tonnage) and Tab 3 (Credit Log) to see status",IF('3. Credit Log'!F30/'2. Monthly Tonnage'!J22>=1,"✅ COMPLIANT — credits procured meet/exceed obligation. Maintain audit trail.",IF('3. Credit Log'!F30/'2. Monthly Tonnage'!J22>=0.67,"⚠ AT RISK — close gap before annual filing or use carry-forward (1/3 each year)","❌ NON-COMPLIANT — major shortfall. Immediate action: procure credits or activate carry-forward plan"))) -> ⏳ ENTER DATA in Tab 2 (Monthly Tonnage) and Tab 3 (Credit Log) to see status
A19: 🎯 COMPLIANCE TIERS
A20: ≥ 100% | B20: ✅ Compliant — credits ≥ obligation. Maintain documentation.
A21: 67% – 99% | B21: ⚠ At risk — gap exists. Use carry-forward (1/3 each year for 3 years) or buy more credits.
A22: < 67% | B22: ❌ Non-compliant — major shortfall. Risk of EC penalty (₹10,000–₹15 lakh + daily fine). Act now.
A25: ⚙ Built by a plant engineer for plant engineers — bilingual, free, and made for the floor.
A26: 🌐 Visit https://vksTech.com for more free formats, calculators, and training tools | © VKS TECH — Vivek Kumar | Share freely, do not resell
